"Fecha","Producto","Cantidad","Precio","Total"
2024-01-31,"Monitor",2,283.71247688774,567.42495377548
2024-01-15,"Teclado",7,68.3512301929295,478.458611350507
2024-01-19,"Mouse",3,50.7156757172197,152.147027151659
2024-01-14,"Mouse",2,54.612299380824,109.224598761648
2024-01-03,"Auriculares",1,41.6458620689809,41.6458620689809
2024-01-10,"Tablet",6,352.993982331827,2117.96389399096
2024-01-18,"Laptop",6,943.83520053234,5663.01120319404
2024-01-22,"Tablet",4,441.550263715908,1766.20105486363
2024-01-11,"Teclado",5,81.2113551236689,406.056775618345
2024-01-05,"Tablet",5,441.909208055586,2209.54604027793
2024-01-20,"Tablet",10,412.625902309082,4126.25902309082
2024-01-14,"Mouse",8,-12.3546343529597,-98.8370748236775
2024-01-22,"Mouse",6,-10.735836206004,-64.4150172360241
2024-01-25,"Monitor",10,318.164386041462,3181.64386041462
2024-01-26,"Monitor",7,342.302481713705,2396.11737199593
2024-01-27,"Monitor",3,265.065242908895,795.195728726685
2024-01-05,"Auriculares",1,88.4846845176071,88.4846845176071
2024-01-19,"Auriculares",2,45.0182621134445,90.036524226889
2024-01-27,"Silla Gamer",10,154.666999261826,1546.66999261826
2024-01-25,"Monitor",5,332.346804463305,1661.73402231652
2024-01-28,"Monitor",5,346.6285669012,1733.142834506
2024-01-25,"Tablet",7,430.739578930661,3015.17705251463
2024-01-09,"Mouse",1,4.62527263443917,4.62527263443917
2024-01-29,"Auriculares",1,19.7892070980743,19.7892070980743
2024-01-03,"Mouse",10,-4.83270741533488,-48.3270741533488
2024-01-08,"Mouse",2,9.95126864872873,19.9025372974575
2024-01-26,"Monitor",2,272.40848634392,544.81697268784
2024-01-07,"Impresora",5,116.449171002023,582.245855010115
2024-01-10,"Silla Gamer",1,159.272995102219,159.272995102219
2024-01-09,"Auriculares",3,63.2899892982095,189.869967894629
2024-01-30,"Teclado",10,98.4788343356922,984.788343356922
2024-01-19,"Teclado",9,25.9489298146218,233.540368331596
2024-01-04,"Impresora",3,108.429965469986,325.289896409959
2024-01-14,"Mouse",2,-24.5722276158631,-49.1444552317262
2024-01-17,"Mouse",1,-10.7779285172001,-10.7779285172001
2024-01-11,"Laptop",9,942.919370369054,8486.27433332149
2024-01-07,"Teclado",3,36.1884823115543,108.565446934663
2024-01-21,"Auriculares",2,98.8501149928197,197.700229985639
2024-01-12,"Impresora",9,170.422325958498,1533.80093362648
2024-01-15,"Teclado",10,52.4542554793879,524.542554793879
2024-01-10,"Silla Gamer",10,182.808523345739,1828.08523345739
2024-01-13,"Auriculares",6,77.6702075731009,466.021245438606
2024-01-07,"Laptop",6,899.860312812962,5399.16187687777
2024-01-09,"Mouse",8,24.7006849851459,197.605479881167
2024-01-09,"Monitor",4,276.637484016828,1106.54993606731
2024-01-10,"Teclado",2,112.980143497698,225.960286995396
2024-01-23,"Auriculares",1,67.7545783109963,67.7545783109963
2024-01-27,"Impresora",2,171.025983220898,342.051966441795
2024-01-28,"Silla Gamer",7,178.179407468997,1247.25585228298
2024-01-21,"Auriculares",7,58.0691942945123,406.484360061586
2024-01-07,"Auriculares",4,95.4256804427132,381.702721770853
2024-01-21,"Tablet",5,353.599854838103,1767.99927419052
2024-01-27,"Monitor",10,301.023594220169,3010.23594220169
2024-01-06,"Teclado",1,106.058595543727,106.058595543727
2024-01-25,"Tablet",10,377.7492366964,3777.492366964
2024-01-02,"Teclado",9,56.2849079770967,506.564171793871
2024-01-29,"Tablet",7,441.651750309393,3091.56225216575
2024-01-05,"Mouse",5,-16.9764625607058,-84.8823128035292
2024-01-08,"Tablet",7,401.272463728674,2808.90724610072
2024-01-12,"Mouse",5,17.0037846080959,85.0189230404794
2024-01-31,"Tablet",2,365.804946655408,731.609893310815
2024-01-13,"Mouse",8,19.9557990999892,159.646392799914
2024-01-18,"Tablet",7,366.962073650211,2568.73451555148
2024-01-01,"Mouse",10,60.5247208615765,605.247208615765
2024-01-25,"Mouse",8,43.8133171061054,350.506536848843
2024-01-27,"Teclado",9,32.1525236405432,289.372712764889
2024-01-25,"Silla Gamer",3,161.911601130851,485.734803392552
2024-01-06,"Impresora",6,128.85438776575,773.126326594502
2024-01-21,"Laptop",7,944.023559708148,6608.16491795704
2024-01-15,"Tablet",3,443.164036958478,1329.49211087544
2024-01-09,"Laptop",8,868.292850884609,6946.34280707687
2024-01-15,"Tablet",1,441.287374100648,441.287374100648
2024-01-26,"Impresora",9,106.645783153363,959.812048380263
2024-01-28,"Silla Gamer",6,237.762876972556,1426.57726183534
2024-01-31,"Laptop",9,855.881052440964,7702.92947196867
2024-01-16,"Laptop",3,945.169587340206,2835.50876202062
2024-01-20,"Teclado",3,36.0069407895207,108.020822368562
2024-01-30,"Laptop",6,908.08353566099,5448.50121396594
2024-01-06,"Mouse",9,46.1416690144688,415.275021130219
2024-01-11,"Teclado",9,48.0322518199682,432.290266379714
2024-01-08,"Monitor",3,252.663167822175,757.989503466524
2024-01-22,"Silla Gamer",5,221.062245243229,1105.31122621614
2024-01-22,"Monitor",7,281.274681887589,1968.92277321313
2024-01-07,"Teclado",2,105.513705620542,211.027411241084
2024-01-31,"Monitor",6,297.181930672377,1783.09158403426
2024-01-16,"Mouse",8,74.2102828575298,593.682262860239
2024-01-17,"Impresora",5,107.786394609138,538.931973045692
2024-01-22,"Impresora",3,102.470813761465,307.412441284396
2024-01-18,"Teclado",10,77.5168506242335,775.168506242335
2024-01-17,"Monitor",5,310.766398208216,1553.83199104108
2024-01-02,"Tablet",4,350.436520925723,1401.74608370289
2024-01-04,"Teclado",4,94.3699993938208,377.479997575283
2024-01-13,"Impresora",7,104.677672032267,732.743704225868
2024-01-05,"Monitor",1,297.822910523973,297.822910523973
2024-01-22,"Auriculares",2,93.8555045751855,187.711009150371
2024-01-31,"Tablet",5,355.963769042864,1779.81884521432
2024-01-19,"Tablet",3,445.364090171643,1336.09227051493
2024-01-25,"Tablet",7,427.080510440283,2989.56357308198
2024-01-20,"Tablet",8,435.15494002495,3481.2395201996
2024-01-22,"Tablet",5,371.796460123733,1858.98230061866
2024-01-25,"Tablet",7,449.447274766862,3146.13092336804
2024-01-14,"Silla Gamer",3,219.352306029759,658.056918089278
2024-01-25,"Silla Gamer",6,178.713312605396,1072.27987563238
2024-01-23,"Laptop",8,931.794243329205,7454.35394663364
2024-01-03,"Auriculares",10,95.942445914261,959.42445914261
2024-01-08,"Monitor",6,340.042150276713,2040.25290166028
2024-01-16,"Auriculares",10,12.6839369302616,126.839369302616
2024-01-30,"Laptop",8,855.963276606053,6847.70621284842
2024-01-12,"Laptop",10,931.841292907484,9318.41292907484
2024-01-31,"Impresora",6,186.031637550332,1116.18982530199
2024-01-25,"Laptop",3,854.519963054918,2563.55988916475
2024-01-14,"Mouse",7,-2.54694882314652,-17.8286417620257
2024-01-30,"Mouse",1,45.4817934893072,45.4817934893072
2024-01-03,"Silla Gamer",6,159.869566210546,959.217397263274
2024-01-14,"Monitor",5,251.589107490145,1257.94553745072
2024-01-29,"Silla Gamer",2,240.563084417954,481.126168835908
2024-01-07,"Silla Gamer",7,154.903346952051,1084.32342866436
2024-01-03,"Silla Gamer",3,237.415620498359,712.246861495078
2024-01-23,"Tablet",3,362.057028990239,1086.17108697072
2024-01-22,"Silla Gamer",4,190.416412404738,761.665649618953
2024-01-26,"Tablet",1,372.992298309691,372.992298309691
2024-01-15,"Laptop",6,927.623540931381,5565.74124558829
2024-01-21,"Impresora",5,157.632516603917,788.162583019584
2024-01-05,"Mouse",2,-5.51952444948256,-11.0390488989651
2024-01-08,"Laptop",7,892.475736048073,6247.33015233651
2024-01-19,"Silla Gamer",10,193.997539603151,1939.97539603151
2024-01-10,"Teclado",1,110.884645469487,110.884645469487
2024-01-18,"Teclado",5,66.266450220719,331.332251103595
2024-01-10,"Silla Gamer",5,243.159784423187,1215.79892211594
2024-01-12,"Impresora",8,138.945489260368,1111.56391408294
2024-01-02,"Laptop",3,930.526344710961,2791.57903413288
2024-01-10,"Monitor",1,326.855571987107,326.855571987107
2024-01-22,"Teclado",4,54.0907289879397,216.362915951759
2024-01-31,"Impresora",8,193.789343861863,1550.3147508949
2024-01-12,"Auriculares",2,50.3831279929727,100.766255985945
2024-01-20,"Tablet",4,382.427730807103,1529.71092322841
2024-01-14,"Silla Gamer",8,194.264544453472,1554.11635562778
2024-01-17,"Mouse",8,23.6973477527499,189.578782021999
2024-01-30,"Silla Gamer",5,234.160264069214,1170.80132034607
2024-01-14,"Impresora",6,194.915941148065,1169.49564688839
2024-01-22,"Silla Gamer",7,197.036981233396,1379.25886863377
2024-01-03,"Monitor",9,287.106198375113,2583.95578537602
2024-01-08,"Silla Gamer",7,172.590851527639,1208.13596069347
2024-01-14,"Mouse",4,-24.5393373770639,-98.1573495082557
2024-01-19,"Impresora",2,170.943735772744,341.887471545488
2024-01-30,"Mouse",8,44.6368342731148,357.094674184918
2024-01-15,"Laptop",8,851.469495147467,6811.75596117973
2024-01-24,"Laptop",1,868.768269196153,868.768269196153
2024-01-17,"Teclado",7,73.6854033591226,515.797823513858
2024-01-23,"Auriculares",2,15.9009179566056,31.8018359132111
2024-01-11,"Auriculares",10,24.6009987778962,246.009987778962
2024-01-07,"Tablet",6,442.231499240734,2653.3889954444
2024-01-29,"Laptop",4,886.310460767709,3545.24184307083
2024-01-15,"Silla Gamer",6,249.281737883575,1495.69042730145
2024-01-23,"Monitor",10,322.57246428635,3225.7246428635
2024-01-26,"Mouse",3,-10.0779531756416,-30.2338595269248
2024-01-06,"Teclado",6,79.1902024811134,475.14121488668
2024-01-14,"Teclado",9,104.873548895121,943.861940056086
2024-01-31,"Impresora",8,173.399445717223,1387.19556573778
2024-01-07,"Mouse",9,21.249585878104,191.246272902936
2024-01-27,"Auriculares",7,51.1086887912825,357.760821538977
2024-01-10,"Monitor",3,305.638395482674,916.915186448023
2024-01-05,"Tablet",8,370.079564861953,2960.63651889563
2024-01-06,"Tablet",10,438.919094158337,4389.19094158337
2024-01-16,"Laptop",2,865.438399394043,1730.87679878809
2024-01-24,"Monitor",8,308.459956105798,2467.67964884639
2024-01-21,"Teclado",8,68.0936974985525,544.74957998842
2024-01-23,"Auriculares",8,19.7283214656636,157.826571725309
2024-01-11,"Auriculares",2,97.8424471337348,195.68489426747
2024-01-04,"Monitor",1,281.903146370314,281.903146370314
2024-01-12,"Impresora",9,104.478869610466,940.309826494195
2024-01-14,"Auriculares",5,75.3686090698466,376.843045349233
2024-01-28,"Laptop",7,906.685894890688,6346.80126423482
2024-01-29,"Auriculares",3,0.974699202924967,2.9240976087749
2024-01-19,"Monitor",6,280.075407074764,1680.45244244859
2024-01-25,"Auriculares",8,86.3295207964256,690.636166371405
2024-01-07,"Auriculares",9,23.2148367678747,208.933530910872
2024-01-22,"Auriculares",3,5.8539804071188,17.5619412213564
2024-01-26,"Teclado",1,91.1049911566079,91.1049911566079
2024-01-09,"Tablet",8,400.87485301774,3206.99882414192
2024-01-07,"Monitor",7,290.494703943841,2033.46292760689
2024-01-02,"Auriculares",5,42.4513918114826,212.256959057413
2024-01-16,"Silla Gamer",3,241.396578447893,724.18973534368
2024-01-13,"Auriculares",7,90.2006491553038,631.404544087127
2024-01-19,"Tablet",4,371.806528232992,1487.22611293197
2024-01-24,"Monitor",9,307.48945469968,2767.40509229712
2024-01-20,"Monitor",5,254.0653136326,1270.326568163
2024-01-15,"Silla Gamer",9,204.059751145542,1836.53776030988
2024-01-07,"Impresora",7,111.282846238464,778.979923669249
2024-01-04,"Impresora",9,175.745386769995,1581.70848092996
2024-01-01,"Silla Gamer",9,161.114417947829,1450.02976153046
2024-01-08,"Silla Gamer",7,170.411440101452,1192.88008071017
2024-01-30,"Teclado",4,96.7703813267872,387.081525307149
2024-01-30,"Tablet",3,392.234466527589,1176.70339958277
2024-01-20,"Impresora",9,154.695398081094,1392.25858272985
2024-01-25,"Silla Gamer",2,238.051883736625,476.103767473251
2024-01-16,"Teclado",8,92.7629451546818,742.103561237454
2024-01-24,"Monitor",1,325.284618884325,325.284618884325
2024-01-22,"Silla Gamer",10,210.073895007372,2100.73895007372
2024-01-11,"Tablet",7,360.10667392984,2520.74671750888
2024-01-16,"Laptop",2,932.622270612046,1865.24454122409
2024-01-20,"Impresora",10,173.824895638973,1738.24895638973
2024-01-08,"Monitor",3,338.297565397806,1014.89269619342
2024-01-03,"Mouse",2,-16.5834991727024,-33.1669983454049
2024-01-29,"Impresora",5,182.947250339203,914.736251696013
2024-01-04,"Mouse",8,2.4816288612783,19.8530308902264
2024-01-20,"Monitor",1,283.421585988253,283.421585988253
2024-01-12,"Laptop",1,938.703704439104,938.703704439104
2024-01-22,"Laptop",8,869.132607383654,6953.06085906923
2024-01-17,"Impresora",2,101.219133776613,202.438267553225
2024-01-10,"Mouse",8,45.5344221321866,364.275377057493
2024-01-27,"Monitor",3,253.761871880852,761.285615642555
2024-01-20,"Auriculares",4,82.2525524534285,329.010209813714
2024-01-11,"Silla Gamer",7,240.343453921378,1682.40417744964
2024-01-25,"Teclado",2,36.6457612067461,73.2915224134922
2024-01-23,"Laptop",4,870.759546710178,3483.03818684071
2024-01-08,"Teclado",1,99.5880174264312,99.5880174264312
2024-01-14,"Teclado",3,109.319629827514,327.958889482543
2024-01-21,"Mouse",7,-0.631704856641591,-4.42193399649113
2024-01-13,"Tablet",8,393.319322844036,3146.55458275229
2024-01-02,"Tablet",3,389.815330645069,1169.44599193521
2024-01-11,"Monitor",7,316.559277498163,2215.91494248714
2024-01-13,"Tablet",2,380.519689712673,761.039379425347
2024-01-14,"Laptop",2,929.197091492824,1858.39418298565
2024-01-06,"Teclado",9,54.1226793127134,487.104113814421
2024-01-25,"Auriculares",10,25.7454871665686,257.454871665686
2024-01-08,"Tablet",7,350.396152329631,2452.77306630742
2024-01-12,"Auriculares",1,38.0338864866644,38.0338864866644
2024-01-26,"Auriculares",2,59.9426568718627,119.885313743725
2024-01-04,"Impresora",9,133.903538808227,1205.13184927404
2024-01-13,"Mouse",9,-7.42157590575516,-66.7941831517965
2024-01-29,"Auriculares",1,99.7569354483858,99.7569354483858
2024-01-14,"Auriculares",6,26.5399608761072,159.239765256643
2024-01-21,"Laptop",6,905.019224784337,5430.11534870602
2024-01-16,"Tablet",9,363.524466636591,3271.72019972932
2024-01-23,"Auriculares",7,68.1822216138244,477.275551296771
2024-01-29,"Laptop",9,895.035106549039,8055.31595894136
2024-01-01,"Mouse",3,11.6644565947354,34.9933697842062
2024-01-08,"Laptop",8,888.613134040497,7108.90507232398
2024-01-08,"Laptop",10,890.447119437158,8904.47119437158
2024-01-10,"Tablet",6,432.756472099572,2596.53883259743
2024-01-25,"Mouse",10,66.6014791233465,666.014791233465
2024-01-08,"Monitor",9,326.120292721316,2935.08263449185
2024-01-18,"Silla Gamer",9,186.734868190251,1680.61381371226
2024-01-29,"Tablet",4,419.138809409924,1676.5552376397
2024-01-21,"Impresora",9,150.803267979063,1357.22941181157
2024-01-09,"Silla Gamer",9,151.942593744025,1367.48334369622
2024-01-07,"Tablet",5,414.689913997427,2073.44956998713
2024-01-07,"Auriculares",1,62.3007664456964,62.3007664456964
2024-01-26,"Silla Gamer",2,183.297110931017,366.594221862033
2024-01-29,"Mouse",3,-22.3713163519278,-67.1139490557835
2024-01-28,"Silla Gamer",5,247.494735918008,1237.47367959004
2024-01-10,"Mouse",8,74.1274856962264,593.019885569811
2024-01-24,"Mouse",1,-17.3420191276819,-17.3420191276819
2024-01-31,"Impresora",7,153.794487263076,1076.56141084153
2024-01-22,"Impresora",10,197.7852743119,1977.852743119
2024-01-23,"Monitor",5,260.967471939512,1304.83735969756
2024-01-26,"Auriculares",7,36.257217801176,253.800524608232
2024-01-11,"Tablet",9,399.981935787946,3599.83742209151
2024-01-01,"Mouse",10,66.2628401536494,662.628401536494
2024-01-25,"Teclado",2,77.2060834616423,154.412166923285
2024-01-29,"Impresora",6,102.279457473196,613.676744839177
2024-01-29,"Laptop",3,935.522962594405,2806.56888778321
2024-01-19,"Tablet",3,433.048424171284,1299.14527251385
2024-01-10,"Impresora",8,187.815106310882,1502.52085048705
2024-01-21,"Monitor",7,330.960218934342,2316.7215325404
2024-01-22,"Teclado",2,20.0065336702392,40.0130673404783
2024-01-13,"Impresora",5,110.182573297061,550.912866485305
2024-01-11,"Teclado",6,103.48258768674,620.895526120439
2024-01-11,"Teclado",3,42.1147396136075,126.344218840823
2024-01-25,"Impresora",1,103.041637665592,103.041637665592
2024-01-20,"Silla Gamer",9,207.672602171078,1869.0534195397
2024-01-26,"Mouse",8,50.6879760418087,405.50380833447
2024-01-07,"Monitor",9,337.365405936725,3036.28865343053
2024-01-25,"Monitor",1,256.036591390148,256.036591390148
2024-01-23,"Mouse",8,-2.81616412103176,-22.5293129682541
2024-01-26,"Teclado",8,61.4025172125548,491.220137700438
2024-01-20,"Laptop",8,891.132962983102,7129.06370386481
2024-01-29,"Monitor",10,307.939032977447,3079.39032977447
2024-01-24,"Laptop",10,944.194895145483,9441.94895145483
2024-01-25,"Laptop",8,948.75985973049,7590.07887784392
2024-01-09,"Monitor",8,262.979784887284,2103.83827909827
2024-01-09,"Teclado",8,47.4874981492758,379.899985194206
2024-01-05,"Auriculares",2,82.8382821753621,165.676564350724
2024-01-23,"Mouse",2,74.1258719004691,148.251743800938
2024-01-14,"Tablet",2,417.320055817254,834.640111634508
2024-01-14,"Auriculares",3,7.73890644777566,23.216719343327
2024-01-06,"Impresora",2,113.440340547822,226.880681095645
2024-01-27,"Impresora",9,133.8096778607,1204.2871007463
2024-01-01,"Tablet",9,375.210898020305,3376.89808218274
2024-01-26,"Mouse",7,0.0823636073619127,0.576545251533389
2024-01-10,"Monitor",5,328.326791757718,1641.63395878859
2024-01-17,"Mouse",10,-7.62136697303504,-76.2136697303504
2024-01-26,"Tablet",6,409.830391569994,2458.98234941997
2024-01-17,"Mouse",2,44.1583044361323,88.3166088722646
2024-01-29,"Monitor",1,342.293559922837,342.293559922837
2024-01-26,"Monitor",2,318.997498392127,637.994996784255
2024-01-27,"Silla Gamer",2,177.365897689015,354.731795378029
2024-01-21,"Laptop",10,851.094515947625,8510.94515947625
2024-01-07,"Teclado",5,24.3219597544521,121.609798772261
2024-01-28,"Laptop",8,866.789780044928,6934.31824035943
2024-01-21,"Teclado",3,105.264082648791,315.792247946374
2024-01-26,"Teclado",2,24.5913346111774,49.1826692223549
2024-01-09,"Impresora",8,127.13876364287,1017.11010914296
2024-01-20,"Silla Gamer",9,238.894295063801,2150.04865557421
2024-01-06,"Tablet",9,404.789329459891,3643.10396513902
2024-01-18,"Teclado",7,100.481758853421,703.372311973944
2024-01-30,"Impresora",2,195.719661866315,391.439323732629
2024-01-31,"Silla Gamer",5,218.974408041686,1094.87204020843
2024-01-29,"Tablet",9,390.113357454538,3511.02021709085
2024-01-17,"Auriculares",3,97.1040844218805,291.312253265642
2024-01-05,"Mouse",10,68.9375858055428,689.375858055428
2024-01-25,"Impresora",9,151.82822458446,1366.45402126014
2024-01-20,"Laptop",5,863.629017653875,4318.14508826938
2024-01-03,"Auriculares",8,62.6735995290801,501.388796232641
2024-01-25,"Teclado",2,102.264998438768,204.529996877536
2024-01-14,"Tablet",6,363.626535539515,2181.75921323709
2024-01-01,"Teclado",8,79.746818896383,637.974551171064
2024-01-02,"Silla Gamer",6,248.296406795271,1489.77844077162
2024-01-04,"Impresora",10,123.06306483224,1230.6306483224
2024-01-10,"Teclado",6,61.7370387818664,370.422232691199
2024-01-01,"Teclado",4,30.0270999362692,120.108399745077
2024-01-05,"Impresora",1,127.851140359417,127.851140359417
2024-01-21,"Tablet",8,403.054649149999,3224.43719319999
2024-01-25,"Laptop",9,881.411945819855,7932.70751237869
2024-01-08,"Tablet",6,410.070207272656,2460.42124363594
2024-01-23,"Teclado",6,118.709801840596,712.258811043575
2024-01-25,"Teclado",2,80.9281485900283,161.856297180057
2024-01-21,"Impresora",9,114.573732274584,1031.16359047126
2024-01-13,"Mouse",8,45.4316460294649,363.453168235719
2024-01-18,"Auriculares",3,67.9180304054171,203.754091216251
2024-01-10,"Auriculares",10,32.2583865374327,322.583865374327
2024-01-31,"Tablet",3,392.331564100459,1176.99469230138
2024-01-06,"Mouse",9,5.44641849119216,49.0177664207295
2024-01-07,"Silla Gamer",6,233.281878195703,1399.69126917422
2024-01-29,"Silla Gamer",7,209.364750841632,1465.55325589143
2024-01-09,"Tablet",10,430.719664134085,4307.19664134085
2024-01-16,"Tablet",7,379.405077779666,2655.83554445766
2024-01-17,"Silla Gamer",5,164.108522166498,820.54261083249
2024-01-21,"Auriculares",9,88.8621102552861,799.758992297575
2024-01-13,"Mouse",5,-24.1714995820075,-120.857497910038
2024-01-28,"Teclado",4,76.9120652973652,307.648261189461
2024-01-31,"Laptop",10,946.755018993281,9467.55018993281
2024-01-21,"Teclado",7,46.9188763340935,328.432134338655
2024-01-08,"Impresora",3,198.39600706473,595.18802119419
2024-01-21,"Impresora",3,103.538948763162,310.616846289486
2024-01-31,"Teclado",3,45.7976430468261,137.392929140478
2024-01-07,"Auriculares",7,25.9891121415421,181.923784990795
2024-01-20,"Auriculares",5,94.8188487673178,474.094243836589
2024-01-18,"Silla Gamer",6,247.96227386687,1487.77364320122
2024-01-29,"Tablet",2,423.438486363739,846.876972727478
2024-01-17,"Silla Gamer",4,178.747975663282,714.991902653128
2024-01-01,"Silla Gamer",6,190.895911841653,1145.37547104992
2024-01-02,"Silla Gamer",6,170.157764805481,1020.94658883289
2024-01-17,"Tablet",10,426.658635912463,4266.58635912463
2024-01-02,"Mouse",5,49.3104939814657,246.552469907328
2024-01-13,"Monitor",4,299.846138083376,1199.3845523335
2024-01-24,"Teclado",3,87.0499595580623,261.149878674187
2024-01-17,"Tablet",7,425.246279360726,2976.72395552509
2024-01-31,"Tablet",6,427.386291883886,2564.31775130332
2024-01-03,"Auriculares",2,60.51693004556,121.03386009112
2024-01-18,"Silla Gamer",9,189.051574352197,1701.46416916978
2024-01-02,"Laptop",7,917.105757305399,6419.74030113779
2024-01-05,"Tablet",8,436.920781154186,3495.36624923348
2024-01-31,"Laptop",8,893.64028731361,7149.12229850888
2024-01-12,"Auriculares",6,12.0476344367489,72.2858066204935
2024-01-25,"Teclado",5,81.895335954614,409.47667977307
2024-01-13,"Mouse",9,23.0508751003072,207.457875902764
2024-01-10,"Impresora",9,192.389308963902,1731.50378067512
2024-01-29,"Auriculares",5,24.0672685205936,120.336342602968
2024-01-06,"Impresora",10,177.648157556541,1776.48157556541
2024-01-10,"Monitor",1,325.198788824491,325.198788824491
2024-01-10,"Tablet",10,417.648242483847,4176.48242483847
2024-01-06,"Laptop",2,905.171946389601,1810.3438927792
2024-01-28,"Auriculares",3,59.786053118296,179.358159354888
2024-01-16,"Auriculares",7,86.6437581600621,606.506307120435
2024-01-16,"Silla Gamer",6,199.534071260132,1197.20442756079
2024-01-03,"Laptop",6,948.022896400653,5688.13737840392
2024-01-04,"Silla Gamer",2,156.937468727119,313.874937454239
2024-01-27,"Laptop",1,905.5928963935,905.5928963935
2024-01-27,"Auriculares",3,18.9373525325209,56.8120575975627
2024-01-03,"Impresora",9,129.645748157054,1166.81173341349
2024-01-29,"Impresora",2,184.100412181579,368.200824363157
2024-01-23,"Impresora",10,120.510710123926,1205.10710123926
2024-01-03,"Monitor",8,308.271908969618,2466.17527175695
2024-01-31,"Tablet",8,389.626219822094,3117.00975857675
2024-01-16,"Impresora",9,130.557127622887,1175.01414860599
2024-01-02,"Silla Gamer",4,197.225528932177,788.902115728706
2024-01-15,"Impresora",4,174.3249097839,697.299639135599
2024-01-23,"Impresora",1,197.680360660888,197.680360660888
2024-01-03,"Auriculares",2,15.6263851327822,31.2527702655643
2024-01-09,"Impresora",7,112.942581134848,790.598067943938
2024-01-29,"Monitor",8,308.055930281989,2464.44744225591
2024-01-07,"Tablet",9,363.714917493053,3273.43425743748
2024-01-30,"Silla Gamer",5,170.199644449167,850.998222245835
2024-01-31,"Auriculares",5,34.1649064561352,170.824532280676
2024-01-30,"Tablet",6,376.590094668791,2259.54056801274
2024-01-09,"Tablet",10,422.158598154783,4221.58598154783
2024-01-04,"Tablet",1,419.549148436636,419.549148436636
2024-01-02,"Auriculares",10,79.4208727078512,794.208727078512
2024-01-22,"Silla Gamer",5,177.446999866515,887.234999332577
2024-01-26,"Tablet",6,368.195636197925,2209.17381718755
2024-01-12,"Impresora",5,146.260366705246,731.301833526231
2024-01-09,"Silla Gamer",1,205.054507683963,205.054507683963
2024-01-28,"Laptop",10,912.271771416999,9122.71771416999
2024-01-29,"Tablet",5,398.289342387579,1991.4467119379
2024-01-29,"Mouse",8,-12.0169025845826,-96.1352206766605
2024-01-11,"Impresora",8,188.399680703878,1507.19744563103
2024-01-07,"Tablet",1,449.131792783737,449.131792783737
2024-01-13,"Tablet",7,436.196543602273,3053.37580521591
2024-01-05,"Tablet",3,435.225071781315,1305.67521534394
2024-01-11,"Auriculares",10,37.741360720247,377.41360720247
2024-01-01,"Laptop",4,911.707649985328,3646.83059994131
2024-01-19,"Silla Gamer",7,201.834239251912,1412.83967476338
2024-01-12,"Tablet",7,353.692920994945,2475.85044696461
2024-01-02,"Tablet",7,424.303243448958,2970.1227041427
2024-01-21,"Auriculares",6,84.2428504256532,505.457102553919
2024-01-17,"Tablet",9,354.911531717516,3194.20378545765
2024-01-31,"Monitor",4,339.328920771368,1357.31568308547
2024-01-12,"Silla Gamer",9,187.817745283246,1690.35970754921
2024-01-30,"Impresora",3,169.556430145167,508.6692904355
2024-01-03,"Teclado",3,91.7311362503096,275.193408750929
2024-01-30,"Monitor",8,318.252494675107,2546.01995740086
2024-01-25,"Teclado",9,50.0406356109306,450.365720498376
2024-01-18,"Laptop",1,880.2623182768,880.2623182768
2024-01-15,"Laptop",4,897.611039830372,3590.44415932149
2024-01-22,"Laptop",10,854.848248395137,8548.48248395137
2024-01-03,"Auriculares",1,49.1619820008054,49.1619820008054
2024-01-19,"Impresora",10,158.86247237213,1588.6247237213
2024-01-25,"Impresora",5,123.463932843879,617.319664219394
2024-01-18,"Tablet",9,446.463824948296,4018.17442453466
2024-01-17,"Tablet",5,365.999466041103,1829.99733020552
2024-01-06,"Impresora",8,157.523798383772,1260.19038707018
2024-01-10,"Laptop",4,892.079221224412,3568.31688489765
2024-01-08,"Silla Gamer",2,162.242970848456,324.485941696912
2024-01-10,"Monitor",1,286.428520735353,286.428520735353
2024-01-26,"Silla Gamer",3,249.872615956701,749.617847870104
2024-01-13,"Auriculares",7,79.7886293148622,558.520405204035
2024-01-20,"Tablet",8,384.985151165165,3079.88120932132
2024-01-06,"Mouse",5,68.6977054690942,343.488527345471
2024-01-20,"Laptop",2,921.319737914018,1842.63947582804
2024-01-29,"Monitor",9,299.524376844056,2695.7193915965
2024-01-20,"Auriculares",10,81.224536173977,812.24536173977
2024-01-30,"Impresora",5,165.493254479952,827.466272399761
2024-01-09,"Teclado",6,56.0745880985633,336.44752859138
2024-01-16,"Laptop",10,897.193155204877,8971.93155204877
2024-01-08,"Silla Gamer",6,209.835770563222,1259.01462337933
2024-01-07,"Impresora",7,172.619983111508,1208.33988178056
2024-01-10,"Monitor",4,285.599973099306,1142.39989239722
2024-01-17,"Monitor",6,308.64784498699,1851.88706992194
2024-01-31,"Silla Gamer",6,201.660358789377,1209.96215273626
2024-01-18,"Laptop",9,909.351468947716,8184.16322052944
2024-01-08,"Impresora",3,188.826958462596,566.480875387788
2024-01-19,"Tablet",5,436.712755588815,2183.56377794407
2024-01-10,"Impresora",10,183.120136964135,1831.20136964135
2024-01-23,"Laptop",5,866.171811125241,4330.85905562621
2024-01-11,"Silla Gamer",9,183.139774529263,1648.25797076337
2024-01-17,"Teclado",6,112.617245507427,675.703473044559
2024-01-12,"Tablet",1,442.503912118264,442.503912118264
2024-01-02,"Monitor",3,313.649753807113,940.949261421338
2024-01-19,"Silla Gamer",8,229.290983942337,1834.3278715387
2024-01-13,"Auriculares",2,57.1746357949451,114.34927158989
2024-01-13,"Impresora",3,103.937568631954,311.812705895863
2024-01-31,"Laptop",10,878.765724389814,8787.65724389814
2024-01-30,"Laptop",1,898.084158846177,898.084158846177
2024-01-19,"Auriculares",7,43.491375236772,304.439626657404
2024-01-22,"Teclado",3,113.246988719329,339.740966157988
2024-01-30,"Monitor",5,314.568058564328,1572.84029282164
2024-01-10,"Teclado",8,20.0828963704407,160.663170963526
2024-01-16,"Impresora",9,101.952241081744,917.5701697357
2024-01-05,"Mouse",1,4.69745693262666,4.69745693262666
2024-01-04,"Mouse",1,2.37461978103966,2.37461978103966
2024-01-18,"Monitor",1,332.947133923881,332.947133923881
2024-01-01,"Silla Gamer",5,222.105942294002,1110.52971147001
2024-01-16,"Silla Gamer",8,218.055588845164,1744.44471076131
2024-01-28,"Teclado",5,58.4194892598316,292.097446299158
2024-01-17,"Mouse",4,-6.47265329025686,-25.8906131610274
2024-01-12,"Monitor",4,271.17026054766,1084.68104219064
2024-01-21,"Monitor",5,320.369215472601,1601.84607736301
2024-01-28,"Auriculares",8,26.2487774714828,209.990219771862
2024-01-02,"Auriculares",9,22.6348639465868,203.713775519282
2024-01-18,"Silla Gamer",2,209.318629535846,418.637259071693
2024-01-12,"Laptop",8,864.737070724368,6917.89656579494
2024-01-15,"Auriculares",3,5.10420987848192,15.3126296354458
2024-01-19,"Teclado",3,21.3885029358789,64.1655088076368
2024-01-21,"Impresora",5,180.818550032564,904.092750162818
2024-01-06,"Silla Gamer",8,230.25645299349,1842.05162394792
2024-01-16,"Mouse",5,-23.4956176253036,-117.478088126518
2024-01-26,"Laptop",7,909.529471863061,6366.70630304143
2024-01-15,"Tablet",10,380.736278975382,3807.36278975382
2024-01-19,"Laptop",9,910.611086990684,8195.49978291616
2024-01-27,"Silla Gamer",8,171.558752236888,1372.4700178951
2024-01-03,"Teclado",10,114.786934065633,1147.86934065633
2024-01-14,"Mouse",6,-14.4094333052635,-86.4565998315811
2024-01-01,"Mouse",6,-13.0509132286534,-78.3054793719202
2024-01-24,"Impresora",4,114.053755975328,456.215023901314
2024-01-01,"Teclado",9,49.2855366365984,443.569829729386
2024-01-16,"Auriculares",9,59.8736236337572,538.862612703815
2024-01-11,"Auriculares",5,20.9034521598369,104.517260799184
2024-01-04,"Auriculares",1,45.2331074979156,45.2331074979156
2024-01-24,"Impresora",9,145.282943965867,1307.5464956928
2024-01-12,"Monitor",10,288.176342844963,2881.76342844963
2024-01-13,"Silla Gamer",8,248.757321154699,1990.05856923759
2024-01-10,"Laptop",5,851.014979300089,4255.07489650045
2024-01-10,"Silla Gamer",9,236.548694083467,2128.9382467512
2024-01-24,"Impresora",7,109.269827604294,764.888793230057
2024-01-28,"Impresora",10,118.209247034974,1182.09247034974
2024-01-07,"Mouse",9,19.7766182711348,177.989564440213
2024-01-18,"Monitor",5,322.909006266855,1614.54503133427
2024-01-17,"Tablet",10,368.996232375503,3689.96232375503
2024-01-20,"Auriculares",8,13.9311429811642,111.449143849313
2024-01-27,"Mouse",7,-3.72073757462204,-26.0451630223542
2024-01-09,"Monitor",3,266.872822563164,800.618467689492
2024-01-21,"Silla Gamer",9,235.3035336826,2117.7318031434
2024-01-11,"Silla Gamer",9,224.001559684984,2016.01403716486
2024-01-12,"Tablet",5,406.969131994992,2034.84565997496
2024-01-08,"Laptop",2,935.533619252965,1871.06723850593
2024-01-18,"Tablet",4,364.827864221297,1459.31145688519
2024-01-05,"Auriculares",4,37.7457110444084,150.982844177634
2024-01-29,"Tablet",8,381.964347464964,3055.71477971971
2024-01-18,"Impresora",8,102.993193850853,823.94555080682
2024-01-06,"Monitor",1,288.785904622637,288.785904622637
2024-01-10,"Auriculares",5,70.9439024562016,354.719512281008
2024-01-26,"Mouse",2,-0.18412119243294,-0.36824238486588
2024-01-09,"Impresora",9,164.790036412887,1483.11032771599
2024-01-11,"Auriculares",1,16.7509521357715,16.7509521357715
2024-01-23,"Impresora",10,177.23926785402,1772.3926785402
2024-01-06,"Monitor",1,297.934240568429,297.934240568429
2024-01-12,"Laptop",5,856.0370254796,4280.185127398
2024-01-19,"Mouse",7,52.0712304394692,364.498613076285
2024-01-27,"Tablet",6,437.701166048646,2626.20699629188
2024-01-24,"Impresora",1,158.97305868566,158.97305868566
2024-01-27,"Tablet",6,410.976771847345,2465.86063108407
2024-01-30,"Tablet",4,392.068280372769,1568.27312149107
2024-01-23,"Mouse",10,-20.1485339319333,-201.485339319333
2024-01-04,"Mouse",7,40.0925466557965,280.647826590575
2024-01-24,"Impresora",2,150.189759535715,300.37951907143
2024-01-28,"Auriculares",7,78.6378524964675,550.464967475273
2024-01-03,"Tablet",2,404.702655831352,809.405311662704
2024-01-14,"Auriculares",9,44.4126959890127,399.714263901114
2024-01-08,"Teclado",1,103.779739751481,103.779739751481
2024-01-06,"Mouse",8,42.5734973978251,340.587979182601
2024-01-04,"Impresora",2,105.166189209558,210.332378419116
2024-01-23,"Silla Gamer",8,162.598595372401,1300.78876297921
2024-01-10,"Impresora",8,182.637205859646,1461.09764687717
2024-01-16,"Mouse",7,15.1428744429722,106.000121100806
2024-01-27,"Teclado",4,70.5077991168946,282.031196467578
2024-01-24,"Impresora",2,133.713378338143,267.426756676286
2024-01-30,"Teclado",8,82.384007149376,659.072057195008
2024-01-16,"Teclado",9,77.756361970678,699.807257736102
2024-01-20,"Monitor",6,272.224805108272,1633.34883064963
2024-01-10,"Tablet",10,413.957369280979,4139.57369280979
2024-01-25,"Laptop",5,885.674491571262,4428.37245785631
2024-01-06,"Auriculares",8,45.0808875961229,360.647100768983
2024-01-19,"Impresora",4,140.069181914441,560.276727657765
2024-01-04,"Mouse",9,-2.82255769707263,-25.4030192736536
2024-01-09,"Laptop",3,874.787499988452,2624.36249996535
2024-01-25,"Laptop",2,867.625953280367,1735.25190656073
2024-01-04,"Tablet",3,393.230695067905,1179.69208520371
2024-01-15,"Tablet",1,410.969362407923,410.969362407923
2024-01-20,"Laptop",8,890.905472170562,7127.24377736449
2024-01-22,"Impresora",10,191.258347406983,1912.58347406983
2024-01-21,"Auriculares",3,28.1048858771101,84.3146576313302
2024-01-17,"Laptop",6,871.560124936514,5229.36074961908
2024-01-24,"Impresora",8,155.242015910335,1241.93612728268
2024-01-07,"Silla Gamer",1,185.019328934141,185.019328934141
2024-01-15,"Mouse",4,68.8046422321349,275.21856892854
2024-01-28,"Monitor",3,312.955710524693,938.867131574079
2024-01-31,"Mouse",2,18.6979672638699,37.3959345277399
2024-01-05,"Auriculares",3,28.9577150018886,86.8731450056657
2024-01-14,"Mouse",7,-21.3336848886684,-149.335794220679
2024-01-22,"Mouse",5,29.8381134169176,149.190567084588
2024-01-15,"Auriculares",3,32.0374064147472,96.1122192442417
2024-01-15,"Monitor",6,298.101906129159,1788.61143677495
2024-01-16,"Teclado",4,100.930687393993,403.722749575973
2024-01-19,"Impresora",7,121.880022669211,853.160158684477
2024-01-08,"Auriculares",5,8.93763161730021,44.6881580865011
2024-01-31,"Impresora",10,179.713779804297,1797.13779804297
2024-01-26,"Teclado",4,37.4407070269808,149.762828107923
2024-01-05,"Monitor",9,330.13094838243,2971.17853544187
2024-01-07,"Laptop",10,853.694221447222,8536.94221447222
2024-01-20,"Impresora",2,184.71153061837,369.423061236739
2024-01-16,"Monitor",2,332.163921068422,664.327842136845
2024-01-28,"Tablet",2,439.760041795671,879.520083591342
2024-01-30,"Impresora",5,137.429688498378,687.148442491889
2024-01-16,"Mouse",5,5.63013474456966,28.1506737228483
2024-01-09,"Tablet",5,441.896405839361,2209.48202919681
2024-01-11,"Laptop",4,882.115125725977,3528.46050290391
2024-01-11,"Impresora",10,192.531745252199,1925.31745252199
2024-01-19,"Auriculares",7,60.30377978459,422.12645849213
2024-01-30,"Teclado",3,78.1164518138394,234.349355441518
2024-01-29,"Monitor",8,323.567920038477,2588.54336030781
2024-01-10,"Monitor",2,289.967869943939,579.935739887878
2024-01-23,"Laptop",10,886.706903576851,8867.06903576851
2024-01-29,"Monitor",5,293.121137120761,1465.6056856038
2024-01-02,"Silla Gamer",4,183.602184802294,734.408739209175
2024-01-25,"Monitor",6,319.80867923703,1918.85207542218
2024-01-30,"Teclado",7,46.8198177218437,327.738724052906
2024-01-06,"Laptop",5,935.349240200594,4676.74620100297
2024-01-20,"Auriculares",2,93.0856707505882,186.171341501176
2024-01-31,"Monitor",9,296.469203196466,2668.22282876819
2024-01-14,"Impresora",1,100.606797146611,100.606797146611
2024-01-14,"Teclado",7,114.081088365056,798.567618555389
2024-01-06,"Monitor",8,293.345762765966,2346.76610212773
2024-01-18,"Monitor",3,333.320125006139,999.960375018418
2024-01-02,"Monitor",1,301.524102664553,301.524102664553
2024-01-24,"Teclado",1,68.0038195848465,68.0038195848465
2024-01-08,"Teclado",5,34.4661127123982,172.330563561991
2024-01-11,"Teclado",1,25.7945755310357,25.7945755310357
2024-01-21,"Tablet",8,415.003904979676,3320.03123983741
2024-01-25,"Monitor",3,287.355378270149,862.066134810448
2024-01-07,"Impresora",4,102.45865508914,409.83462035656
2024-01-19,"Teclado",8,27.483346411027,219.866771288216
2024-01-23,"Teclado",10,103.020327752456,1030.20327752456
2024-01-08,"Mouse",3,48.4294305322692,145.288291596808
2024-01-27,"Tablet",7,354.812013567425,2483.68409497198
2024-01-10,"Monitor",5,322.507620276883,1612.53810138442
2024-01-05,"Impresora",1,101.380671747029,101.380671747029
2024-01-17,"Tablet",5,411.095651169308,2055.47825584654
2024-01-23,"Monitor",2,272.256360342726,544.512720685452
2024-01-06,"Tablet",9,412.049130955711,3708.4421786014
2024-01-08,"Mouse",7,31.4378730254248,220.065111177973
2024-01-20,"Silla Gamer",4,200.746957305819,802.987829223275
2024-01-06,"Impresora",4,125.734021747485,502.936086989939
2024-01-15,"Tablet",3,385.890758875757,1157.67227662727
2024-01-28,"Monitor",10,278.798293718137,2787.98293718137
2024-01-17,"Auriculares",4,19.0012896200642,76.0051584802568
2024-01-03,"Monitor",1,313.051022286527,313.051022286527
2024-01-28,"Laptop",4,851.077149086632,3404.30859634653
2024-01-15,"Auriculares",3,14.4822453614324,43.4467360842973
2024-01-20,"Silla Gamer",7,200.936816562898,1406.55771594029
2024-01-01,"Tablet",10,396.579301008023,3965.79301008023
2024-01-05,"Teclado",7,72.1044447785243,504.73111344967
2024-01-11,"Teclado",7,89.0734359901398,623.514051930979
2024-01-15,"Silla Gamer",5,249.994135648012,1249.97067824006
2024-01-20,"Laptop",10,944.886948587373,9448.86948587373
2024-01-02,"Laptop",6,945.244940463454,5671.46964278072
2024-01-30,"Teclado",5,88.4191405307502,442.095702653751
2024-01-16,"Monitor",5,323.614705004729,1618.07352502365
2024-01-31,"Tablet",10,445.680566015653,4456.80566015653
2024-01-30,"Monitor",9,270.72602212429,2436.53419911861
2024-01-23,"Teclado",1,87.4783249851316,87.4783249851316
2024-01-19,"Auriculares",5,9.76812455337495,48.8406227668747
2024-01-10,"Laptop",4,899.870697432198,3599.48278972879
2024-01-19,"Auriculares",7,75.8050633128732,530.635443190113
2024-01-27,"Laptop",1,851.201858278364,851.201858278364
2024-01-17,"Laptop",9,865.987624414265,7793.88861972839
2024-01-07,"Tablet",6,361.03519462049,2166.21116772294
2024-01-29,"Monitor",7,330.299017811194,2312.09312467836
2024-01-06,"Impresora",10,137.487742677331,1374.87742677331
2024-01-12,"Teclado",7,83.0638615461066,581.447030822746
2024-01-04,"Monitor",7,326.185134565458,2283.2959419582
2024-01-21,"Tablet",9,374.861979205161,3373.75781284645
2024-01-23,"Teclado",4,57.3531832359731,229.412732943892
2024-01-19,"Tablet",10,383.94751935266,3839.4751935266
2024-01-02,"Laptop",3,920.665835170075,2761.99750551023
2024-01-24,"Mouse",9,32.1662957780063,289.496662002057
2024-01-04,"Impresora",7,114.37070867978,800.594960758463
2024-01-22,"Silla Gamer",1,179.665742721409,179.665742721409
2024-01-29,"Teclado",4,59.1992470948026,236.79698837921
2024-01-26,"Teclado",9,72.2202988388017,649.982689549215
2024-01-23,"Impresora",1,158.589818095788,158.589818095788
2024-01-27,"Laptop",5,880.907618370838,4404.53809185419
2024-01-11,"Laptop",1,885.965327802114,885.965327802114
2024-01-22,"Laptop",7,942.930857324973,6600.51600127481
2024-01-01,"Tablet",5,404.491800651886,2022.45900325943
2024-01-22,"Silla Gamer",1,208.902552304789,208.902552304789
2024-01-24,"Laptop",8,875.119053549133,7000.95242839307
2024-01-19,"Mouse",1,13.8767195399851,13.8767195399851
2024-01-18,"Silla Gamer",4,214.592625596561,858.370502386242
2024-01-27,"Mouse",7,11.5266053471714,80.6862374302
2024-01-16,"Silla Gamer",3,196.769915008917,590.309745026752
2024-01-03,"Impresora",7,117.701809061691,823.912663431838
2024-01-01,"Laptop",5,898.123694886453,4490.61847443227
2024-01-30,"Mouse",6,68.1580249452963,408.948149671778
2024-01-02,"Tablet",6,352.566042984836,2115.39625790901
2024-01-02,"Tablet",3,388.31839018967,1164.95517056901
2024-01-08,"Monitor",7,275.026102154516,1925.18271508161
2024-01-26,"Laptop",10,907.764682290144,9077.64682290144
2024-01-20,"Silla Gamer",3,156.815892038867,470.447676116601
2024-01-14,"Teclado",5,85.0364690693095,425.182345346548
2024-01-25,"Tablet",4,355.416793772019,1421.66717508808
2024-01-13,"Teclado",3,49.1063724318519,147.319117295556
2024-01-07,"Auriculares",4,31.0694370884448,124.277748353779
2024-01-08,"Impresora",10,144.16928270366,1441.6928270366
2024-01-29,"Impresora",8,143.612609920092,1148.90087936074
2024-01-03,"Mouse",4,74.2179237306118,296.871694922447
2024-01-31,"Monitor",1,311.164162075147,311.164162075147
2024-01-22,"Monitor",10,281.500149774365,2815.00149774365
2024-01-16,"Mouse",9,61.2421339377761,551.179205439985
2024-01-27,"Laptop",9,883.769589895383,7953.92630905844
2024-01-22,"Mouse",5,42.1623393893242,210.811696946621
2024-01-29,"Auriculares",5,89.9515088181943,449.757544090971
2024-01-24,"Mouse",7,59.424779121764,415.973453852348
2024-01-01,"Silla Gamer",5,158.959943195805,794.799715979025
2024-01-12,"Auriculares",8,29.9336316529661,239.469053223729
2024-01-18,"Impresora",6,153.086853749119,918.521122494712
2024-01-21,"Laptop",1,887.910197372548,887.910197372548
2024-01-31,"Teclado",6,104.525086730719,627.150520384312
2024-01-14,"Impresora",2,186.107656639069,372.215313278139
2024-01-08,"Monitor",4,318.133828393184,1272.53531357273
2024-01-24,"Laptop",6,900.048159668222,5400.28895800933
2024-01-28,"Laptop",5,930.094910576008,4650.47455288004
2024-01-30,"Monitor",3,254.645486129448,763.936458388343
2024-01-23,"Auriculares",1,26.1778255458921,26.1778255458921
2024-01-05,"Mouse",10,-5.13785472139716,-51.3785472139716
2024-01-17,"Silla Gamer",4,231.614781892858,926.459127571434
2024-01-26,"Laptop",10,934.317482286133,9343.17482286133
2024-01-27,"Silla Gamer",4,233.280635951087,933.122543804348
2024-01-25,"Laptop",10,877.068676962517,8770.68676962517
2024-01-25,"Tablet",8,351.949392282404,2815.59513825923
2024-01-11,"Silla Gamer",6,213.060047267936,1278.36028360762
2024-01-23,"Mouse",8,49.80582697317,398.44661578536
2024-01-26,"Silla Gamer",10,200.567384716123,2005.67384716123
2024-01-04,"Tablet",6,386.462966701947,2318.77780021168
2024-01-13,"Monitor",4,280.982106854208,1123.92842741683
2024-01-08,"Teclado",7,55.9604371944442,391.72306036111
2024-01-15,"Teclado",8,56.2874303711578,450.299442969263
2024-01-31,"Impresora",5,153.864918788895,769.324593944475
2024-01-27,"Laptop",10,915.236765076406,9152.36765076406
2024-01-04,"Tablet",4,390.341197722591,1561.36479089037
2024-01-13,"Mouse",7,33.3001798251644,233.101258776151
2024-01-03,"Auriculares",9,69.5773461367935,626.196115231141
2024-01-07,"Teclado",4,109.152335235849,436.609340943396
2024-01-01,"Mouse",5,69.7959124809131,348.979562404566
2024-01-06,"Teclado",1,62.0810764655471,62.0810764655471
2024-01-13,"Teclado",2,83.660392141901,167.320784283802
2024-01-26,"Silla Gamer",8,167.794939898886,1342.35951919109
2024-01-28,"Tablet",7,358.031657733954,2506.22160413768
2024-01-26,"Tablet",5,406.58833917696,2032.9416958848
2024-01-17,"Silla Gamer",5,231.698935572058,1158.49467786029
2024-01-23,"Silla Gamer",4,225.969896628521,903.879586514086
2024-01-21,"Mouse",6,32.1823949925601,193.094369955361
2024-01-06,"Silla Gamer",7,248.875435185619,1742.12804629933
2024-01-10,"Teclado",3,119.517151387408,358.551454162225
2024-01-13,"Monitor",4,282.143744057976,1128.5749762319
2024-01-06,"Teclado",9,37.2017919365317,334.816127428785
2024-01-09,"Teclado",4,57.2078432934359,228.831373173743
2024-01-08,"Mouse",6,28.8948916830122,173.369350098073
2024-01-01,"Auriculares",4,81.1244924087077,324.497969634831
2024-01-16,"Auriculares",7,69.8684629052877,489.079240337014
2024-01-22,"Monitor",3,339.995340863243,1019.98602258973
2024-01-02,"Monitor",8,322.325868345797,2578.60694676638
2024-01-08,"Impresora",6,125.505004567094,753.030027402565
2024-01-14,"Impresora",2,130.867166561075,261.734333122149
2024-01-12,"Teclado",2,94.6837363345549,189.36747266911
2024-01-26,"Laptop",6,870.524621219374,5223.14772731625
2024-01-08,"Auriculares",7,28.5983316134661,200.188321294263
2024-01-31,"Auriculares",3,89.88708013203,269.66124039609
2024-01-09,"Silla Gamer",3,166.798003553413,500.394010660239
2024-01-08,"Auriculares",8,14.3596600042656,114.877280034125
2024-01-25,"Auriculares",9,73.3476307941601,660.128677147441
2024-01-09,"Teclado",9,74.2835634667426,668.552071200684
2024-01-20,"Monitor",3,304.24062886741,912.72188660223
2024-01-01,"Impresora",2,170.31517776195,340.630355523899
2024-01-03,"Tablet",7,415.148430038244,2906.0390102677
2024-01-08,"Impresora",5,176.120710535906,880.603552679531
2024-01-02,"Laptop",2,878.078755852766,1756.15751170553
2024-01-01,"Auriculares",10,98.4090994345024,984.090994345024
2024-01-09,"Silla Gamer",3,246.367139532231,739.101418596692
2024-01-23,"Mouse",2,-22.1909765852615,-44.381953170523
2024-01-07,"Laptop",3,924.706685147248,2774.12005544174
2024-01-13,"Auriculares",6,36.6776679176837,220.066007506102
2024-01-29,"Teclado",7,55.4052475653589,387.836732957512
2024-01-20,"Impresora",6,101.939670136198,611.63802081719
2024-01-14,"Silla Gamer",4,225.889388471842,903.557553887367
2024-01-28,"Laptop",1,865.761834406294,865.761834406294
2024-01-16,"Mouse",4,-13.7724325060844,-55.0897300243378
2024-01-07,"Silla Gamer",10,221.381369489245,2213.81369489245
2024-01-04,"Mouse",6,19.521895237267,117.131371423602
2024-01-13,"Mouse",3,-22.385917743668,-67.1577532310039
2024-01-12,"Auriculares",8,91.9744928833097,735.795943066478
2024-01-25,"Impresora",8,178.493036120199,1427.94428896159
2024-01-27,"Auriculares",6,42.5109381787479,255.065629072487
2024-01-13,"Monitor",4,262.913855561055,1051.65542224422
2024-01-20,"Teclado",10,101.871801638044,1018.71801638044
2024-01-10,"Silla Gamer",2,221.680672629736,443.361345259473
2024-01-30,"Teclado",6,61.2187303416431,367.312382049859
2024-01-31,"Laptop",10,867.491170321591,8674.91170321591
2024-01-09,"Impresora",10,101.078014448285,1010.78014448285
2024-01-12,"Teclado",7,54.0902734547853,378.631914183497
2024-01-08,"Impresora",1,118.937209108844,118.937209108844
2024-01-07,"Teclado",8,76.234253034927,609.874024279416
2024-01-25,"Silla Gamer",5,208.812938630581,1044.0646931529
2024-01-15,"Laptop",5,878.175587556325,4390.87793778162
2024-01-19,"Monitor",1,342.598887695931,342.598887695931
2024-01-17,"Monitor",1,320.402242988348,320.402242988348
2024-01-11,"Tablet",1,377.645602985285,377.645602985285
2024-01-07,"Silla Gamer",5,221.518147201277,1107.59073600639
2024-01-19,"Impresora",4,160.87179039605,643.487161584198
2024-01-31,"Teclado",6,60.8214510185644,364.928706111386
2024-01-23,"Teclado",2,36.7317668907344,73.4635337814689
2024-01-26,"Teclado",9,22.4463018868119,202.016716981307
2024-01-03,"Laptop",3,865.470608579926,2596.41182573978
2024-01-06,"Auriculares",3,58.6582407122478,175.974722136743
2024-01-07,"Impresora",2,121.848599566147,243.697199132293
2024-01-04,"Monitor",8,254.439165024087,2035.51332019269
2024-01-10,"Teclado",4,111.451006080024,445.804024320096
2024-01-17,"Auriculares",8,87.0143406791613,696.11472543329
2024-01-16,"Laptop",1,932.647073408589,932.647073408589
2024-01-08,"Impresora",5,160.96707645338,804.835382266901
2024-01-21,"Auriculares",6,72.3631950793788,434.179170476273
2024-01-03,"Laptop",2,929.688364639878,1859.37672927976
2024-01-12,"Silla Gamer",5,236.767387227155,1183.83693613578
2024-01-21,"Impresora",7,170.033977157436,1190.23784010205
2024-01-14,"Silla Gamer",8,183.562794397585,1468.50235518068
2024-01-05,"Laptop",5,899.76404812187,4498.82024060935
2024-01-14,"Teclado",3,97.624624571763,292.873873715289
2024-01-28,"Auriculares",5,41.9158653821796,209.579326910898
2024-01-06,"Impresora",4,158.302148850635,633.208595402539
2024-01-09,"Tablet",6,380.055402358994,2280.33241415396
2024-01-01,"Impresora",4,114.706583460793,458.826333843172
2024-01-20,"Auriculares",10,27.5553898885846,275.553898885846
2024-01-14,"Teclado",8,40.2969243284315,322.375394627452
2024-01-19,"Silla Gamer",7,172.519539762288,1207.63677833602
2024-01-05,"Impresora",7,151.995989563875,1063.97192694712
2024-01-02,"Impresora",9,192.062316881493,1728.56085193343
2024-01-01,"Auriculares",6,58.1460053566843,348.876032140106
2024-01-28,"Impresora",5,126.150059769861,630.750298849307
2024-01-20,"Monitor",5,287.396939657629,1436.98469828814
2024-01-30,"Monitor",3,306.35389033705,919.06167101115
2024-01-04,"Monitor",1,265.95057612285,265.95057612285
2024-01-27,"Teclado",10,87.080233967863,870.80233967863
2024-01-26,"Silla Gamer",6,151.82688809,910.961328539997
2024-01-26,"Monitor",3,251.238823961467,753.7164718844
2024-01-11,"Auriculares",10,66.466749412939,664.66749412939
2024-01-05,"Monitor",7,270.556372473948,1893.89460731763
2024-01-22,"Impresora",8,138.389316829853,1107.11453463882
2024-01-04,"Mouse",10,-9.04963684733957,-90.4963684733957
2024-01-19,"Monitor",8,320.855247438885,2566.84197951108
2024-01-03,"Teclado",4,81.4750859327614,325.900343731046
2024-01-01,"Laptop",2,856.106535042636,1712.21307008527
2024-01-07,"Teclado",4,60.6255421694368,242.502168677747
2024-01-05,"Silla Gamer",6,160.504174185917,963.025045115501
2024-01-29,"Auriculares",7,40.2505600824952,281.753920577466
2024-01-23,"Auriculares",2,45.5676587298512,91.1353174597025
2024-01-09,"Silla Gamer",5,212.464524642564,1062.32262321282
2024-01-25,"Mouse",1,-17.1144719934091,-17.1144719934091
2024-01-31,"Teclado",2,54.1982724610716,108.396544922143
2024-01-24,"Teclado",7,22.3686290718615,156.580403503031
2024-01-17,"Laptop",10,884.151643840596,8841.51643840596
2024-01-21,"Mouse",7,53.3361223293468,373.352856305428
2024-01-05,"Monitor",10,324.121023179032,3241.21023179032
2024-01-24,"Impresora",8,181.61711092107,1452.93688736856
2024-01-12,"Teclado",5,25.5563315981999,127.781657991
2024-01-02,"Silla Gamer",10,165.151353762485,1651.51353762485
2024-01-22,"Monitor",3,315.310594765469,945.931784296408
2024-01-18,"Silla Gamer",7,189.278899366036,1324.95229556225
2024-01-04,"Mouse",8,-6.62262714467943,-52.9810171574354
2024-01-10,"Monitor",9,262.840295652859,2365.56266087573
2024-01-15,"Monitor",8,262.889633560553,2103.11706848443
2024-01-23,"Mouse",2,37.4160754261538,74.8321508523077
2024-01-22,"Laptop",10,900.200273632072,9002.00273632072
2024-01-08,"Laptop",9,898.81618055515,8089.34562499635
2024-01-01,"Auriculares",10,87.2816388495266,872.816388495266
2024-01-24,"Laptop",7,869.229766190983,6084.60836333688
2024-01-11,"Auriculares",7,75.9703308343887,531.792315840721
2024-01-05,"Monitor",4,271.940107853152,1087.76043141261
2024-01-11,"Laptop",2,865.66522968933,1731.33045937866
2024-01-15,"Tablet",10,364.409941108897,3644.09941108897
2024-01-15,"Laptop",1,938.635544292629,938.635544292629
2024-01-25,"Teclado",7,86.8717395979911,608.102177185938
2024-01-24,"Auriculares",1,45.6800217041746,45.6800217041746
2024-01-10,"Auriculares",4,71.6003178153187,286.401271261275
2024-01-15,"Laptop",4,920.71566847153,3682.86267388612
2024-01-15,"Tablet",6,414.671805570833,2488.030833425
2024-01-20,"Impresora",4,191.597330896184,766.389323584735
2024-01-12,"Laptop",9,869.964506500401,7829.68055850361
2024-01-09,"Tablet",1,393.499275622889,393.499275622889
2024-01-29,"Teclado",9,23.7035899469629,213.332309522666
2024-01-25,"Laptop",8,865.741711459123,6925.93369167298
2024-01-04,"Laptop",10,920.224752998911,9202.24752998911
2024-01-03,"Teclado",1,94.0078432252631,94.0078432252631
2024-01-07,"Teclado",1,62.9731045616791,62.9731045616791
2024-01-04,"Impresora",10,135.093395994045,1350.93395994045
2024-01-24,"Mouse",7,23.4288793755695,164.002155628987
2024-01-08,"Laptop",5,852.360815787688,4261.80407893844
2024-01-21,"Auriculares",1,84.8993916762993,84.8993916762993
2024-01-05,"Monitor",8,315.26465867646,2522.11726941168
2024-01-24,"Tablet",5,368.579049757682,1842.89524878841
2024-01-06,"Auriculares",5,54.7376699512824,273.688349756412
2024-01-04,"Mouse",5,62.369135953486,311.84567976743
2024-01-03,"Auriculares",1,22.9505306575447,22.9505306575447
2024-01-11,"Silla Gamer",10,183.973315777257,1839.73315777257
2024-01-10,"Laptop",7,927.618041518144,6493.32629062701
2024-01-29,"Impresora",7,123.786477418616,866.505341930315
2024-01-23,"Tablet",4,357.641595508903,1430.56638203561
2024-01-05,"Teclado",6,61.8494606157765,371.096763694659
2024-01-24,"Impresora",2,119.944427441806,239.888854883611
2024-01-25,"Silla Gamer",1,215.173901803792,215.173901803792
2024-01-11,"Laptop",2,912.169995065778,1824.33999013156
2024-01-10,"Impresora",1,141.792073030956,141.792073030956
2024-01-15,"Laptop",9,864.86871689558,7783.81845206022
2024-01-19,"Impresora",3,118.392519257031,355.177557771094
2024-01-28,"Impresora",4,142.536048684269,570.144194737077
2024-01-31,"Auriculares",6,38.9115815283731,233.469489170238
2024-01-10,"Mouse",6,-19.2747086752206,-115.648252051324
2024-01-13,"Laptop",9,850.5512092961,7654.9608836649
2024-01-27,"Tablet",9,438.299896335229,3944.69906701706
2024-01-24,"Mouse",3,5.5547270225361,16.6641810676083
2024-01-03,"Teclado",9,116.247707633302,1046.22936869971
2024-01-18,"Laptop",10,917.579286312684,9175.79286312684
2024-01-10,"Silla Gamer",8,235.429754783399,1883.4380382672
2024-01-08,"Auriculares",6,43.2796152075753,259.677691245452
2024-01-12,"Tablet",7,442.55966336932,3097.91764358524
2024-01-10,"Mouse",4,50.4376786062494,201.750714424998
2024-01-07,"Impresora",8,127.704364201054,1021.63491360843
2024-01-07,"Mouse",10,43.6510188039392,436.510188039392
2024-01-06,"Tablet",5,442.13472539559,2210.67362697795
2024-01-17,"Laptop",2,924.074592022225,1848.14918404445
2024-01-20,"Teclado",6,87.2506050439551,523.503630263731
2024-01-01,"Laptop",9,924.410239839926,8319.69215855934
2024-01-05,"Impresora",6,111.335604358464,668.013626150787
2024-01-10,"Impresora",3,104.105426743627,312.31628023088
2024-01-13,"Impresora",8,137.31206075754,1098.49648606032
2024-01-10,"Silla Gamer",3,200.165946595371,600.497839786112
2024-01-02,"Monitor",2,345.038418960758,690.076837921515
2024-01-15,"Impresora",6,194.84563623555,1169.0738174133
2024-01-23,"Laptop",8,914.46183193475,7315.694655478
2024-01-15,"Monitor",7,281.544120237231,1970.80884166062
2024-01-08,"Impresora",4,153.236617078073,612.946468312293
2024-01-03,"Mouse",1,42.4654494505376,42.4654494505376
2024-01-02,"Tablet",10,435.719694918953,4357.19694918953
2024-01-06,"Silla Gamer",8,205.701038311236,1645.60830648988
2024-01-14,"Teclado",10,29.439315344207,294.39315344207
2024-01-27,"Impresora",10,171.124046226032,1711.24046226032
2024-01-15,"Tablet",2,433.522161538713,867.044323077425
2024-01-19,"Impresora",4,139.279943495058,557.11977398023
2024-01-09,"Teclado",6,39.4727044552565,236.836226731539
2024-01-23,"Auriculares",2,25.8395697455853,51.6791394911706
2024-01-25,"Laptop",1,853.714632615447,853.714632615447
2024-01-15,"Teclado",5,72.8683464508504,364.341732254252
2024-01-22,"Silla Gamer",3,209.076229901984,627.228689705953
2024-01-16,"Laptop",6,908.231322001666,5449.38793200999
2024-01-08,"Monitor",3,339.704435644671,1019.11330693401
2024-01-29,"Impresora",10,142.648420785554,1426.48420785554
2024-01-09,"Impresora",9,123.758246004581,1113.82421404123
2024-01-21,"Silla Gamer",4,201.254094415344,805.016377661377
2024-01-23,"Tablet",10,356.650849501602,3566.50849501602
2024-01-16,"Teclado",3,85.9592749783769,257.877824935131
2024-01-09,"Laptop",4,923.461820045486,3693.84728018194
2024-01-02,"Silla Gamer",6,171.882021101192,1031.29212660715
2024-01-24,"Tablet",6,368.981651915237,2213.88991149142
2024-01-09,"Teclado",7,107.278969050385,750.952783352695
2024-01-11,"Silla Gamer",2,179.186686337925,358.373372675851
2024-01-24,"Tablet",8,448.612350015901,3588.89880012721
2024-01-11,"Laptop",4,922.914584865794,3691.65833946317
2024-01-04,"Impresora",1,193.018969800323,193.018969800323
2024-01-07,"Teclado",8,95.1759902574122,761.407922059298
2024-01-24,"Monitor",6,282.47640512418,1694.85843074508
2024-01-18,"Laptop",2,887.540715374053,1775.08143074811
2024-01-28,"Silla Gamer",10,153.416023193859,1534.16023193859
2024-01-11,"Laptop",10,939.4827040378,9394.827040378
2024-01-22,"Impresora",9,152.161127631553,1369.45014868397
2024-01-01,"Mouse",9,9.48026888072491,85.3224199265242
2024-01-11,"Auriculares",3,81.0644337907434,243.19330137223
2024-01-28,"Mouse",2,54.1824071202427,108.364814240485
2024-01-26,"Auriculares",6,78.1746942317113,469.048165390268
2024-01-06,"Teclado",9,73.2038792502135,658.834913251922
2024-01-21,"Tablet",3,360.939597059041,1082.81879117712
2024-01-10,"Mouse",8,63.8339509489015,510.671607591212
2024-01-25,"Monitor",1,263.282232708298,263.282232708298
2024-01-18,"Auriculares",2,82.9774597426876,165.954919485375
2024-01-03,"Silla Gamer",2,205.319774406962,410.639548813924
2024-01-03,"Impresora",7,155.727084749378,1090.08959324565
2024-01-02,"Laptop",5,923.436920926906,4617.18460463453
2024-01-26,"Silla Gamer",6,188.845657976344,1133.07394785807
2024-01-08,"Auriculares",5,80.8649832615629,404.324916307814
2024-01-28,"Laptop",5,935.210464918055,4676.05232459027
2024-01-13,"Tablet",4,429.286201111972,1717.14480444789
2024-01-08,"Laptop",4,891.698328708299,3566.79331483319
2024-01-02,"Mouse",8,-8.34716982208192,-66.7773585766554
2024-01-27,"Mouse",9,47.4840855225921,427.356769703329
2024-01-06,"Laptop",1,859.465803625062,859.465803625062
2024-01-23,"Teclado",10,25.6874051457271,256.874051457271
2024-01-17,"Laptop",4,852.208258886822,3408.83303554729
2024-01-14,"Mouse",10,40.2287650154904,402.287650154904
2024-01-07,"Teclado",8,89.3196948617697,714.557558894157
2024-01-13,"Laptop",2,868.509922153316,1737.01984430663
2024-01-08,"Laptop",8,929.619633592665,7436.95706874132
2024-01-06,"Impresora",7,179.079919587821,1253.55943711475
2024-01-11,"Impresora",2,163.15082681831,326.301653636619
2024-01-10,"Tablet",5,445.533280982636,2227.66640491318
2024-01-17,"Mouse",9,-10.5228443164378,-94.7055988479406
2024-01-07,"Tablet",10,356.105331284925,3561.05331284925
2024-01-23,"Impresora",10,194.152637058869,1941.52637058869
2024-01-12,"Monitor",1,334.674153849483,334.674153849483
2024-01-28,"Silla Gamer",6,185.563662624918,1113.38197574951
2024-01-19,"Silla Gamer",8,190.127849741839,1521.02279793471
2024-01-17,"Auriculares",8,96.2383264675736,769.906611740589
2024-01-08,"Laptop",2,859.738411800936,1719.47682360187
2024-01-15,"Auriculares",7,70.932093821466,496.524656750262
2024-01-14,"Mouse",8,30.3734295535833,242.987436428666
2024-01-14,"Laptop",8,938.303783792071,7506.43027033657
2024-01-26,"Monitor",10,323.298230813816,3232.98230813816
2024-01-27,"Tablet",8,412.952751899138,3303.6220151931
2024-01-17,"Impresora",5,115.550076309592,577.750381547958
2024-01-01,"Monitor",4,297.422544937581,1189.69017975032
2024-01-18,"Tablet",10,393.518741847947,3935.18741847947
2024-01-18,"Silla Gamer",9,165.563803864643,1490.07423478179
